[
    {
        "Pk Id": 46014,
        "First Payment (Predicted)": 638418.0,
        "Payment Type": "Full Payment"
    },
    {
        "Pk Id": 45271,
        "First Payment (Predicted)": 532202.0,
        "Payment Type": "Partial Payment"
    },
    {
        "Pk Id": 43497,
        "First Payment (Predicted)": 422399.0,
        "Payment Type": "Full Payment"
    },
    {
        "Pk Id": 46742,
        "First Payment (Predicted)": 178556.0,
        "Payment Type": "Partial Payment"
    },
    {
        "Pk Id": 47414,
        "First Payment (Predicted)": 142053.0,
        "Payment Type": "Partial Payment"
    },
    {
        "Pk Id": 47596,
        "First Payment (Predicted)": 140341.0,
        "Payment Type": "Partial Payment"
    },
    {
        "Pk Id": 46973,
        "First Payment (Predicted)": 108775.0,
        "Payment Type": "Partial Payment"
    },
    {
        "Pk Id": 44093,
        "First Payment (Predicted)": 61592.0,
        "Payment Type": "Partial Payment"
    },
    {
        "Pk Id": 43449,
        "First Payment (Predicted)": 70081.0,
        "Payment Type": "Partial Payment"
    },
    {
        "Pk Id": 45799,
        "First Payment (Predicted)": 68054.0,
        "Payment Type": "Partial Payment"
    },
    {
        "Pk Id": 47201,
        "First Payment (Predicted)": 24899.0,
        "Payment Type": "Partial Payment"
    },
    {
        "Pk Id": 47611,
        "First Payment (Predicted)": 25940.0,
        "Payment Type": "Partial Payment"
    },
    {
        "Pk Id": 43278,
        "First Payment (Predicted)": 61590.0,
        "Payment Type": "Partial Payment"
    },
    {
        "Pk Id": 45138,
        "First Payment (Predicted)": 26211.0,
        "Payment Type": "Partial Payment"
    },
    {
        "Pk Id": 44594,
        "First Payment (Predicted)": 27412.0,
        "Payment Type": "Partial Payment"
    },
    {
        "Pk Id": 44279,
        "First Payment (Predicted)": 26398.0,
        "Payment Type": "Partial Payment"
    },
    {
        "Pk Id": 45987,
        "First Payment (Predicted)": 59419.0,
        "Payment Type": "Full Payment"
    },
    {
        "Pk Id": 45880,
        "First Payment (Predicted)": 27026.0,
        "Payment Type": "Partial Payment"
    },
    {
        "Pk Id": 45366,
        "First Payment (Predicted)": 54414.0,
        "Payment Type": "Partial Payment"
    },
    {
        "Pk Id": 46025,
        "First Payment (Predicted)": 23783.0,
        "Payment Type": "Partial Payment"
    }
]